{"accuracy": 0.9902, "precision": 0.9901284506633402, "recall": 0.9902508021464802, "f1": 0.9901739980636004, "report": "              precision    recall  f1-score   support\n\n           0       0.99      1.00      0.99       980\n           1       0.99      0.99      0.99      1135\n           2       0.99      0.99      0.99      1032\n           3       0.99      1.00      0.99      1010\n           4       1.00      0.99      0.99       982\n           5       0.99      0.99      0.99       892\n           6       0.99      0.98      0.99       958\n           7       0.99      0.99      0.99      1028\n           8       0.98      0.99      0.99       974\n           9       0.99      0.98      0.99      1009\n\n    accuracy                           0.99     10000\n   macro avg       0.99      0.99      0.99     10000\nweighted avg       0.99      0.99      0.99     10000\n"}