{"accuracy": 0.9446428571428571, "precision": 0.9450695629179497, "recall": 0.9437553357894919, "f1": 0.9440513843618203, "report": "              precision    recall  f1-score   support\n\n           0       0.96      0.99      0.97      1381\n           1       0.95      0.99      0.97      1575\n           2       0.96      0.94      0.95      1398\n           3       0.93      0.95      0.94      1428\n           4       0.96      0.92      0.94      1365\n           5       0.94      0.92      0.93      1263\n           6       0.95      0.98      0.96      1375\n           7       0.93      0.94      0.94      1459\n           8       0.98      0.89      0.93      1365\n           9       0.90      0.92      0.91      1391\n\n    accuracy                           0.94     14000\n   macro avg       0.95      0.94      0.94     14000\nweighted avg       0.95      0.94      0.94     14000\n"}